,Type,n,m,c,S,l,alpha_in,alpha_out,C
0,Directed,7880,9164,2.3258883248730964,1.0,129.80861706805788,2.921353729053532,29.63192774380923,0.0161683011464482
