,all_classes,unknown,licit,illicit
mean_BetweennessScore,338.23591370558376,449.7510806116379,40.785002278629044,0.23529411764705882
median_BetweennessScore,6.0,11.0,1.0,0.0
standard_deviation_BetweennessScore,1695.8720290537462,1974.3688406003514,159.3721470298256,0.7524469885568253
minimum_value_BetweennessScore,0.0,0.0,0.0,0.0
maximum_value_BetweennessScore,14256.0,14256.0,2355.0,3.0
