,all_classes,unknown,licit,illicit
mean_degree,1.1629441624365482,1.146171289028432,1.2098591549295774,0.9411764705882353
median_degree,1.0,1.0,1.0,1.0
standard_deviation_degree,3.327356441359685,0.7274774140557908,6.288402656090241,0.242535625036333
minimum_value_degree,0.0,0.0,0.0,0.0
maximum_value_degree,288.0,11.0,288.0,1.0
