,all_classes,unknown,licit,illicit
mean_EigenvectorCentrality,0.000349991110988183,8.973207974052336e-05,0.0010532844795466958,5.368624045674876e-34
median_EigenvectorCentrality,9.124115471868864e-33,9.124115867539632e-33,2.5446140426581336e-36,2.628189993901597e-44
standard_deviation_EigenvectorCentrality,0.011260424083073997,0.004374083878575202,0.020422069220796205,2.2128845501492172e-33
minimum_value_EigenvectorCentrality,2.628189993901597e-44,2.628189993901597e-44,2.628189993901597e-44,2.628189993901597e-44
maximum_value_EigenvectorCentrality,0.4697272078002378,0.3275637843385117,0.4697272078002378,9.124115471868864e-33
