,all_classes,unknown,licit,illicit
mean_PageRankScore,0.4682790438456366,0.47429939271099825,0.4543966601661803,0.17738593749999998
median_PageRankScore,0.313996875,0.3413244779296875,0.2679375,0.15
standard_deviation_PageRankScore,0.85018105739861,0.6267543451052117,1.271359071116481,0.0701068591888288
minimum_value_PageRankScore,0.15,0.15,0.15,0.15
maximum_value_PageRankScore,29.788275786683087,19.413329207004807,29.788275786683087,0.3683437500000001
