,Type,n,m,c,S,l,alpha_in,alpha_out,C
0,Directed,6876,4274,1.2431646305991855,0.006253635834787667,1.0,7.158472379630891,,0.0
