,all_classes,illicit,licit
mean_authorityScore,0.00015626490358916834,4.968565573570795e-10,0.00015754801308726606
median_authorityScore,0.0,1.7115146846934334e-33,0.0
standard_deviation_authorityScore,0.012059441246701184,2.605107038523659e-09,0.012108849811685408
minimum_value_authorityScore,0.0,0.0,0.0
maximum_value_authorityScore,0.998611201663018,1.3911983468939137e-08,0.998611201663018
