,all_classes,illicit,licit
mean_degree,0.5067875323747433,0.5,0.5067956245715478
median_degree,1.0,0.5,1.0
standard_deviation_degree,0.500017190357163,0.5031546054266276,0.5000171558612534
minimum_value_degree,0.0,0.0,0.0
maximum_value_degree,2.0,1.0,2.0
