,all_classes,illicit,licit
mean_EigenvectorCentrality,0.003749126170217002,0.00951860583040367,0.003701752143681745
median_EigenvectorCentrality,0.0002376262012719,0.0030622721753554996,0.0002376262012719
standard_deviation_EigenvectorCentrality,0.011462833590039611,0.019193345427378133,0.0113678820122362
minimum_value_EigenvectorCentrality,0.0002376262012719,0.0002376262012719,0.0002376262012719
maximum_value_EigenvectorCentrality,0.2375078880242921,0.0962755893201135,0.2375078880242921
