,all_classes,illicit,licit
mean_hubScore,0.0010014926292563804,7.668247517305744e-11,0.0010097160285150518
median_hubScore,5.282940533801024e-34,2.641470266900512e-34,5.282940533801024e-34
standard_deviation_hubScore,0.01201879411917024,4.020598155478913e-10,0.012067700394340544
minimum_value_hubScore,0.0,0.0,0.0
maximum_value_hubScore,0.1541208977625065,2.147109283692561e-09,0.1541208977625065
