,all_classes,illicit,licit
mean_PageRankScore,0.22925174520069805,0.35946428571428574,0.22818255131964804
median_PageRankScore,0.15,0.21375,0.15
standard_deviation_PageRankScore,0.2587069841919253,0.4331784521748183,0.25656400303941773
minimum_value_PageRankScore,0.15,0.15,0.15
maximum_value_PageRankScore,5.5050000000000034,2.3174999999999994,5.5050000000000034
